{
  "timestamp": "2026-04-08 04:48",
  "systems": [
    "Mem0"
  ],
  "locomo": {},
  "bitpqa": {
    "Mem0": {
      "metrics": {
        "overall": 0.08333333333333333,
        "f1": 0.26093455246103997,
        "temporal": 0.08333333333333333,
        "version_recall": 0.0,
        "by_level": {
          "level_1": 0.08641975308641975,
          "level_2": 0.0
        },
        "by_scenario_type": {
          "multi_source_information": 0.018518518518518517,
          "entity_attribute_evolution": 0.19230769230769232,
          "temporal_ambiguity": 0.0,
          "relationship_evolution": 1.0
        }
      }
    }
  },
  "novel": {}
}