{
  "BM25": {
    "accuracy": 0.8214285714285714,
    "f1": 0.8214285714285714,
    "temporal": 0.8214285714285714,
    "by_level": {
      "level_1": 0.8148148148148148,
      "level_2": 1.0
    },
    "by_scenario_type": {
      "multi_source_information": 0.7222222222222222,
      "entity_attribute_evolution": 1.0,
      "temporal_ambiguity": 1.0,
      "relationship_evolution": 1.0
    }
  },
  "ChromaDB": {
    "accuracy": 0.2261904761904762,
    "f1": 0.2261904761904762,
    "temporal": 0.2261904761904762,
    "by_level": {
      "level_1": 0.19753086419753085,
      "level_2": 1.0
    },
    "by_scenario_type": {
      "multi_source_information": 0.2222222222222222,
      "entity_attribute_evolution": 0.23076923076923078,
      "temporal_ambiguity": 0.0,
      "relationship_evolution": 1.0
    }
  },
  "FAISS Vector Store": {
    "accuracy": 0.8095238095238095,
    "f1": 0.8095238095238095,
    "temporal": 0.8095238095238095,
    "by_level": {
      "level_1": 0.8024691358024691,
      "level_2": 1.0
    },
    "by_scenario_type": {
      "multi_source_information": 0.7037037037037037,
      "entity_attribute_evolution": 1.0,
      "temporal_ambiguity": 1.0,
      "relationship_evolution": 1.0
    }
  },
  "Naive RAG": {
    "accuracy": 0.8095238095238095,
    "f1": 0.8095238095238095,
    "temporal": 0.8095238095238095,
    "by_level": {
      "level_1": 0.8024691358024691,
      "level_2": 1.0
    },
    "by_scenario_type": {
      "multi_source_information": 0.7037037037037037,
      "entity_attribute_evolution": 1.0,
      "temporal_ambiguity": 1.0,
      "relationship_evolution": 1.0
    }
  },
  "Simple KG": {
    "accuracy": 0.8095238095238095,
    "f1": 0.8095238095238095,
    "temporal": 0.8095238095238095,
    "by_level": {
      "level_1": 0.8024691358024691,
      "level_2": 1.0
    },
    "by_scenario_type": {
      "multi_source_information": 0.7037037037037037,
      "entity_attribute_evolution": 1.0,
      "temporal_ambiguity": 1.0,
      "relationship_evolution": 1.0
    }
  }
}