{
  "timestamp": "2026-04-02 05:17",
  "systems": [
    "Graphiti"
  ],
  "locomo": {},
  "bitpqa": {
    "Graphiti": {
      "metrics": {
        "overall": 0.20875420875420875,
        "f1": 0.20875420875420875,
        "temporal": 0.20875420875420875,
        "version_recall": 0.14285714285714285,
        "by_level": {
          "level_1": 0.22807017543859648,
          "level_3": 0.2111111111111111,
          "level_2": 0.1827956989247312
        },
        "by_scenario_type": {
          "temporal_ambiguity": 0.3333333333333333,
          "late_arriving_facts": 0.09090909090909091,
          "entity_attribute_evolution": 0.21153846153846154,
          "knowledge_retraction": 0.2962962962962963,
          "gradual_accumulation": 0.20689655172413793,
          "multi_source_information": 0.18518518518518517,
          "contradictory_information": 0.1891891891891892,
          "entity_identity_resolution": 0.22727272727272727,
          "future_dated_information": 0.22580645161290322,
          "relationship_evolution": 0.08695652173913043
        }
      }
    }
  },
  "novel": {}
}